host_time,ping_number,timestamp_ms,ping_hz,start_mm,length_mm,sos_dmps,gain_index,num_results,pwr_db_0.000m,pwr_db_0.017m,pwr_db_0.033m,pwr_db_0.050m,pwr_db_0.067m,pwr_db_0.083m,pwr_db_0.100m,pwr_db_0.117m,pwr_db_0.133m,pwr_db_0.150m,pwr_db_0.167m,pwr_db_0.183m,pwr_db_0.200m,pwr_db_0.217m,pwr_db_0.233m,pwr_db_0.250m,pwr_db_0.267m,pwr_db_0.283m,pwr_db_0.300m,pwr_db_0.317m,pwr_db_0.333m,pwr_db_0.350m,pwr_db_0.367m,pwr_db_0.383m,pwr_db_0.400m,pwr_db_0.417m,pwr_db_0.433m,pwr_db_0.450m,pwr_db_0.467m,pwr_db_0.483m,pwr_db_0.500m,pwr_db_0.517m,pwr_db_0.533m,pwr_db_0.550m,pwr_db_0.567m,pwr_db_0.583m,pwr_db_0.600m,pwr_db_0.617m,pwr_db_0.633m,pwr_db_0.650m,pwr_db_0.667m,pwr_db_0.683m,pwr_db_0.700m,pwr_db_0.717m,pwr_db_0.733m,pwr_db_0.750m,pwr_db_0.767m,pwr_db_0.783m,pwr_db_0.800m,pwr_db_0.817m,pwr_db_0.833m,pwr_db_0.850m,pwr_db_0.867m,pwr_db_0.883m,pwr_db_0.900m,pwr_db_0.917m,pwr_db_0.933m,pwr_db_0.950m,pwr_db_0.967m,pwr_db_0.983m,pwr_db_1.000m,pwr_db_1.017m,pwr_db_1.033m,pwr_db_1.050m,pwr_db_1.067m,pwr_db_1.083m,pwr_db_1.100m,pwr_db_1.117m,pwr_db_1.133m,pwr_db_1.150m,pwr_db_1.167m,pwr_db_1.183m,pwr_db_1.200m,pwr_db_1.217m,pwr_db_1.233m,pwr_db_1.250m,pwr_db_1.267m,pwr_db_1.283m,pwr_db_1.300m,pwr_db_1.317m,pwr_db_1.333m,pwr_db_1.350m,pwr_db_1.367m,pwr_db_1.383m,pwr_db_1.400m,pwr_db_1.417m,pwr_db_1.433m,pwr_db_1.450m,pwr_db_1.467m,pwr_db_1.483m,pwr_db_1.500m,pwr_db_1.517m,pwr_db_1.533m,pwr_db_1.550m,pwr_db_1.567m,pwr_db_1.583m,pwr_db_1.600m,pwr_db_1.617m,pwr_db_1.633m,pwr_db_1.650m,pwr_db_1.667m,pwr_db_1.683m,pwr_db_1.700m,pwr_db_1.717m,pwr_db_1.733m,pwr_db_1.750m,pwr_db_1.767m,pwr_db_1.783m,pwr_db_1.800m,pwr_db_1.817m,pwr_db_1.833m,pwr_db_1.850m,pwr_db_1.867m,pwr_db_1.883m,pwr_db_1.900m,pwr_db_1.917m,pwr_db_1.933m,pwr_db_1.950m,pwr_db_1.967m,pwr_db_1.983m,pwr_db_2.000m,pwr_db_2.017m,pwr_db_2.033m,pwr_db_2.050m,pwr_db_2.067m,pwr_db_2.083m,pwr_db_2.100m,pwr_db_2.117m,pwr_db_2.133m,pwr_db_2.150m,pwr_db_2.167m,pwr_db_2.183m,pwr_db_2.200m,pwr_db_2.217m,pwr_db_2.233m,pwr_db_2.250m,pwr_db_2.267m,pwr_db_2.283m,pwr_db_2.300m,pwr_db_2.317m,pwr_db_2.333m,pwr_db_2.350m,pwr_db_2.367m,pwr_db_2.383m,pwr_db_2.400m,pwr_db_2.417m,pwr_db_2.433m,pwr_db_2.450m,pwr_db_2.467m,pwr_db_2.483m,pwr_db_2.500m,pwr_db_2.517m,pwr_db_2.533m,pwr_db_2.550m,pwr_db_2.567m,pwr_db_2.583m,pwr_db_2.600m,pwr_db_2.617m,pwr_db_2.633m,pwr_db_2.650m,pwr_db_2.667m,pwr_db_2.683m,pwr_db_2.700m,pwr_db_2.717m,pwr_db_2.733m,pwr_db_2.750m,pwr_db_2.767m,pwr_db_2.783m,pwr_db_2.800m,pwr_db_2.817m,pwr_db_2.833m,pwr_db_2.850m,pwr_db_2.867m,pwr_db_2.883m,pwr_db_2.900m,pwr_db_2.917m,pwr_db_2.933m,pwr_db_2.950m,pwr_db_2.967m,pwr_db_2.983m,pwr_db_3.000m,pwr_db_3.017m,pwr_db_3.033m,pwr_db_3.050m,pwr_db_3.067m,pwr_db_3.083m,pwr_db_3.100m,pwr_db_3.117m,pwr_db_3.133m,pwr_db_3.150m,pwr_db_3.167m,pwr_db_3.183m,pwr_db_3.200m,pwr_db_3.217m,pwr_db_3.233m,pwr_db_3.250m,pwr_db_3.267m,pwr_db_3.283m,pwr_db_3.300m,pwr_db_3.317m,pwr_db_3.333m,pwr_db_3.350m,pwr_db_3.367m,pwr_db_3.383m,pwr_db_3.400m,pwr_db_3.417m,pwr_db_3.433m,pwr_db_3.450m,pwr_db_3.467m,pwr_db_3.483m,pwr_db_3.500m,pwr_db_3.517m,pwr_db_3.533m,pwr_db_3.550m,pwr_db_3.567m,pwr_db_3.583m,pwr_db_3.600m,pwr_db_3.617m,pwr_db_3.633m,pwr_db_3.650m,pwr_db_3.667m,pwr_db_3.683m,pwr_db_3.700m,pwr_db_3.717m,pwr_db_3.733m,pwr_db_3.750m,pwr_db_3.767m,pwr_db_3.783m,pwr_db_3.800m,pwr_db_3.817m,pwr_db_3.833m,pwr_db_3.850m,pwr_db_3.867m,pwr_db_3.883m,pwr_db_3.900m,pwr_db_3.917m,pwr_db_3.933m,pwr_db_3.950m,pwr_db_3.967m,pwr_db_3.983m,pwr_db_4.000m,pwr_db_4.017m,pwr_db_4.033m,pwr_db_4.050m,pwr_db_4.067m,pwr_db_4.083m,pwr_db_4.100m,pwr_db_4.117m,pwr_db_4.133m,pwr_db_4.150m,pwr_db_4.167m,pwr_db_4.183m,pwr_db_4.200m,pwr_db_4.217m,pwr_db_4.233m,pwr_db_4.250m,pwr_db_4.267m,pwr_db_4.283m,pwr_db_4.300m,pwr_db_4.317m,pwr_db_4.333m,pwr_db_4.350m,pwr_db_4.367m,pwr_db_4.383m,pwr_db_4.400m,pwr_db_4.417m,pwr_db_4.433m,pwr_db_4.450m,pwr_db_4.467m,pwr_db_4.483m,pwr_db_4.500m,pwr_db_4.517m,pwr_db_4.533m,pwr_db_4.550m,pwr_db_4.567m,pwr_db_4.583m,pwr_db_4.600m,pwr_db_4.617m,pwr_db_4.633m,pwr_db_4.650m,pwr_db_4.667m,pwr_db_4.683m,pwr_db_4.700m,pwr_db_4.717m,pwr_db_4.733m,pwr_db_4.750m,pwr_db_4.767m,pwr_db_4.783m,pwr_db_4.800m,pwr_db_4.817m,pwr_db_4.833m,pwr_db_4.850m,pwr_db_4.867m,pwr_db_4.883m,pwr_db_4.900m,pwr_db_4.917m,pwr_db_4.933m,pwr_db_4.950m,pwr_db_4.967m,pwr_db_4.983m,pwr_db_5.000m,pwr_db_5.017m,pwr_db_5.033m,pwr_db_5.050m,pwr_db_5.067m,pwr_db_5.083m,pwr_db_5.100m,pwr_db_5.117m,pwr_db_5.133m,pwr_db_5.150m,pwr_db_5.167m,pwr_db_5.183m,pwr_db_5.200m,pwr_db_5.217m,pwr_db_5.233m,pwr_db_5.250m,pwr_db_5.267m,pwr_db_5.283m,pwr_db_5.300m,pwr_db_5.317m,pwr_db_5.333m,pwr_db_5.350m,pwr_db_5.367m,pwr_db_5.383m,pwr_db_5.400m,pwr_db_5.417m,pwr_db_5.433m,pwr_db_5.450m,pwr_db_5.467m,pwr_db_5.483m,pwr_db_5.500m,pwr_db_5.517m,pwr_db_5.533m,pwr_db_5.550m,pwr_db_5.567m,pwr_db_5.583m,pwr_db_5.600m,pwr_db_5.617m,pwr_db_5.633m,pwr_db_5.650m,pwr_db_5.667m,pwr_db_5.683m,pwr_db_5.700m,pwr_db_5.717m,pwr_db_5.733m,pwr_db_5.750m,pwr_db_5.767m,pwr_db_5.783m,pwr_db_5.800m,pwr_db_5.817m,pwr_db_5.833m,pwr_db_5.850m,pwr_db_5.867m,pwr_db_5.883m,pwr_db_5.900m,pwr_db_5.917m,pwr_db_5.933m,pwr_db_5.950m,pwr_db_5.967m,pwr_db_5.983m,pwr_db_6.000m,pwr_db_6.017m,pwr_db_6.033m,pwr_db_6.050m,pwr_db_6.067m,pwr_db_6.083m,pwr_db_6.100m,pwr_db_6.117m,pwr_db_6.133m,pwr_db_6.150m,pwr_db_6.167m,pwr_db_6.183m,pwr_db_6.200m,pwr_db_6.217m,pwr_db_6.233m,pwr_db_6.250m,pwr_db_6.267m,pwr_db_6.283m,pwr_db_6.300m,pwr_db_6.317m,pwr_db_6.333m,pwr_db_6.350m,pwr_db_6.367m,pwr_db_6.383m,pwr_db_6.400m,pwr_db_6.417m,pwr_db_6.433m,pwr_db_6.450m,pwr_db_6.467m,pwr_db_6.483m,pwr_db_6.500m,pwr_db_6.517m,pwr_db_6.533m,pwr_db_6.550m,pwr_db_6.567m,pwr_db_6.583m,pwr_db_6.600m,pwr_db_6.617m,pwr_db_6.633m,pwr_db_6.650m,pwr_db_6.667m,pwr_db_6.683m,pwr_db_6.700m,pwr_db_6.717m,pwr_db_6.733m,pwr_db_6.750m,pwr_db_6.767m,pwr_db_6.783m,pwr_db_6.800m,pwr_db_6.817m,pwr_db_6.833m,pwr_db_6.850m,pwr_db_6.867m,pwr_db_6.883m,pwr_db_6.900m,pwr_db_6.917m,pwr_db_6.933m,pwr_db_6.950m,pwr_db_6.967m,pwr_db_6.983m,pwr_db_7.000m,pwr_db_7.017m,pwr_db_7.033m,pwr_db_7.050m,pwr_db_7.067m,pwr_db_7.083m,pwr_db_7.100m,pwr_db_7.117m,pwr_db_7.133m,pwr_db_7.150m,pwr_db_7.167m,pwr_db_7.183m,pwr_db_7.200m,pwr_db_7.217m,pwr_db_7.233m,pwr_db_7.250m,pwr_db_7.267m,pwr_db_7.283m,pwr_db_7.300m,pwr_db_7.317m,pwr_db_7.333m,pwr_db_7.350m,pwr_db_7.367m,pwr_db_7.383m,pwr_db_7.400m,pwr_db_7.417m,pwr_db_7.433m,pwr_db_7.450m,pwr_db_7.467m,pwr_db_7.483m,pwr_db_7.500m,pwr_db_7.517m,pwr_db_7.533m,pwr_db_7.550m,pwr_db_7.567m,pwr_db_7.583m,pwr_db_7.600m,pwr_db_7.617m,pwr_db_7.633m,pwr_db_7.650m,pwr_db_7.667m,pwr_db_7.683m,pwr_db_7.700m,pwr_db_7.717m,pwr_db_7.733m,pwr_db_7.750m,pwr_db_7.767m,pwr_db_7.783m,pwr_db_7.800m,pwr_db_7.817m,pwr_db_7.833m,pwr_db_7.850m,pwr_db_7.867m,pwr_db_7.883m,pwr_db_7.900m,pwr_db_7.917m,pwr_db_7.933m,pwr_db_7.950m,pwr_db_7.967m,pwr_db_7.983m,pwr_db_8.000m,pwr_db_8.017m,pwr_db_8.033m,pwr_db_8.050m,pwr_db_8.067m,pwr_db_8.083m,pwr_db_8.100m,pwr_db_8.117m,pwr_db_8.133m,pwr_db_8.150m,pwr_db_8.167m,pwr_db_8.183m,pwr_db_8.200m,pwr_db_8.217m,pwr_db_8.233m,pwr_db_8.250m,pwr_db_8.267m,pwr_db_8.283m,pwr_db_8.300m,pwr_db_8.317m,pwr_db_8.333m,pwr_db_8.350m,pwr_db_8.367m,pwr_db_8.383m,pwr_db_8.400m,pwr_db_8.417m,pwr_db_8.433m,pwr_db_8.450m,pwr_db_8.467m,pwr_db_8.483m,pwr_db_8.500m,pwr_db_8.517m,pwr_db_8.533m,pwr_db_8.550m,pwr_db_8.567m,pwr_db_8.583m,pwr_db_8.600m,pwr_db_8.617m,pwr_db_8.633m,pwr_db_8.650m,pwr_db_8.667m,pwr_db_8.683m,pwr_db_8.700m,pwr_db_8.717m,pwr_db_8.733m,pwr_db_8.750m,pwr_db_8.767m,pwr_db_8.783m,pwr_db_8.800m,pwr_db_8.817m,pwr_db_8.833m,pwr_db_8.850m,pwr_db_8.867m,pwr_db_8.883m,pwr_db_8.900m,pwr_db_8.917m,pwr_db_8.933m,pwr_db_8.950m,pwr_db_8.967m,pwr_db_8.983m,pwr_db_9.000m,pwr_db_9.017m,pwr_db_9.033m,pwr_db_9.050m,pwr_db_9.067m,pwr_db_9.083m,pwr_db_9.100m,pwr_db_9.117m,pwr_db_9.133m,pwr_db_9.150m,pwr_db_9.167m,pwr_db_9.183m,pwr_db_9.200m,pwr_db_9.217m,pwr_db_9.233m,pwr_db_9.250m,pwr_db_9.267m,pwr_db_9.283m,pwr_db_9.300m,pwr_db_9.317m,pwr_db_9.333m,pwr_db_9.350m,pwr_db_9.367m,pwr_db_9.383m,pwr_db_9.400m,pwr_db_9.417m,pwr_db_9.433m,pwr_db_9.450m,pwr_db_9.467m,pwr_db_9.483m,pwr_db_9.500m,pwr_db_9.517m,pwr_db_9.533m,pwr_db_9.550m,pwr_db_9.567m,pwr_db_9.583m,pwr_db_9.600m,pwr_db_9.617m,pwr_db_9.633m,pwr_db_9.650m,pwr_db_9.667m,pwr_db_9.683m,pwr_db_9.700m,pwr_db_9.717m,pwr_db_9.733m,pwr_db_9.750m,pwr_db_9.767m,pwr_db_9.783m,pwr_db_9.800m,pwr_db_9.817m,pwr_db_9.833m,pwr_db_9.850m,pwr_db_9.867m,pwr_db_9.883m,pwr_db_9.900m,pwr_db_9.917m,pwr_db_9.933m,pwr_db_9.950m,pwr_db_9.967m,pwr_db_9.983m
1790974679.404,0,1746150,451127,0,10000,15000,0,600,44.97,42.24,34.12,25.81,36.05,34.42,32.98,31.79,13.91,12.24,11.25,7.79,3.01,10.28,-13.42,-0.5,10.71,6.19,-1.26,8.97,0.97,-14.95,12.99,-1.5,6.45,3.59,3.54,-3.98,5.05,-2.09,-4.41,7.74,-0.54,1.94,3.56,-4.43,-1.78,-12.52,-10.98,11.18,-1.82,-3.54,10.2,-3.06,-7.66,5.27,-14.66,-3.02,8.59,-5.27,-13.66,6.24,-6.09,-5.14,6.35,-0.65,7.46,6.53,-11.89,2.9,-4.35,-3.72,9.26,-16.47,-12.98,5.24,-3.87,-8.75,7.99,-5.3,-12.99,10.56,-4.39,-7.13,7.16,-2.65,-17.78,-7.96,13.05,-2.08,-3.11,-15.01,11.53,-7.66,-0.81,-14.95,2.36,6.46,0.53,-13.06,3.68,9.79,-3.05,-20.44,1.28,5.64,-3.97,-18.52,12.32,-9.06,-5.72,-14.5,11.65,-10.33,-9.55,11.36,-6.71,-14.26,6.81,7.8,-9.16,-0.08,7.0,-7.11,-27.49,7.42,-8.1,-18.15,7.9,-11.18,-29.12,11.1,-9.03,-14.04,10.41,-12.58,-15.19,12.23,-17.66,-12.92,10.76,-15.14,-18.22,10.42,-18.96,-3.3,7.37,-12.65,-14.87,11.85,-11.73,-14.53,6.78,-16.11,-3.46,7.02,-8.67,-12.21,11.63,-13.27,-29.32,7.44,-11.88,-5.59,6.27,-13.41,-14.37,10.01,-12.5,-17.1,7.25,-16.17,-12.36,6.76,-13.86,-33.01,7.05,-15.59,-11.18,-0.38,-19.98,-25.34,6.49,-14.66,-16.69,-2.14,-22.73,-19.97,7.45,-9.61,-17.56,-1.27,-12.37,-12.76,7.8,-10.46,-20.68,-1.39,-6.38,-11.75,-0.79,3.01,-14.97,-2.56,-2.13,-11.2,-22.95,2.92,-7.79,-16.26,2.8,-15.27,-20.55,0.62,-30.44,-20.07,-1.68,-14.18,-13.68,-2.48,-8.1,-11.37,-4.86,-1.52,-15.16,-16.89,-2.99,-20.79,-17.41,-12.01,-13.81,-15.93,-7.12,-9.94,-13.42,-12.14,-8.92,-22.03,-28.01,-19.27,-23.78,-16.94,-9.43,-7.39,-16.0,-15.48,-12.48,-14.6,-18.12,-6.97,-9.59,-12.48,-26.84,-14.33,-19.66,-22.33,-4.68,-21.88,-20.13,-20.47,-13.14,-15.18,-26.02,-10.49,-7.86,-32.04,-20.05,-16.7,-15.7,-6.99,-9.8,-18.83,-28.23,-7.49,-16.08,-31.67,-16.68,-11.26,-17.55,-17.84,-6.39,-23.59,-10.89,-13.0,-20.82,-15.63,-9.06,-17.27,-7.3,-13.7,-5.71,-14.36,-16.84,-10.36,-15.65,-14.06,-17.9,-8.04,-7.78,-14.76,-7.74,-11.99,-15.76,-10.18,-17.41,-12.99,-11.45,-4.38,-13.35,-23.62,-11.27,-11.6,-19.81,-10.23,-10.69,-18.74,-19.71,-5.08,-14.44,-17.16,-5.39,-11.17,-21.07,-15.47,-21.57,-19.41,-15.05,-7.89,-11.21,-16.49,-19.66,-36.93,-12.62,-18.29,-19.01,-24.8,-25.41,-21.34,-21.04,-17.49,-19.49,-15.16,-29.85,-23.35,-28.86,-15.13,-18.49,-19.4,-23.35,-22.05,-20.09,-21.65,-22.87,-25.0,-18.31,-22.61,-21.88,-17.67,-22.84,-18.81,-22.69,-29.54,-21.33,-29.89,-19.03,-33.6,-12.9,-21.53,-18.44,-23.14,-13.71,-15.38,-15.24,-18.92,-13.82,-18.37,-25.51,-20.96,-21.21,-16.23,-20.0,-14.7,-28.71,-15.38,-19.82,-14.12,-24.15,-11.13,-19.85,-13.41,-22.37,-20.22,-16.04,-23.9,-17.15,-15.83,-13.46,-16.09,-14.38,-28.07,-14.79,-14.49,-14.7,-40.25,-10.97,-18.82,-16.31,-14.49,-25.79,-9.72,-19.21,-9.32,-24.68,-16.65,-19.17,-15.67,-18.88,-17.7,-15.98,-22.31,-19.0,-19.01,-27.18,-20.0,-39.03,-16.32,-22.67,-21.29,-19.87,-30.25,-19.16,-17.3,-23.35,-19.92,-26.3,-24.28,-30.51,-19.79,-16.25,-20.5,-35.19,-30.25,-27.26,-23.73,-20.29,-27.84,-22.27,-18.22,-20.36,-20.18,-27.04,-23.46,-20.81,-18.38,-31.67,-28.39,-19.71,-20.61,-22.26,-21.76,-28.53,-19.51,-14.92,-15.43,-25.08,-19.66,-23.29,-21.24,-28.17,-23.29,-21.48,-22.88,-22.72,-14.8,-19.68,-17.58,-23.39,-25.13,-23.01,-17.66,-22.76,-21.5,-24.0,-26.53,-15.78,-18.91,-18.75,-20.45,-15.65,-20.88,-19.63,-20.89,-22.21,-16.95,-18.56,-20.3,-29.85,-28.3,-21.42,-29.7,-20.01,-23.69,-24.29,-17.05,-29.11,-18.11,-20.16,-31.27,-31.46,-45.03,-20.98,-27.77,-19.66,-25.26,-25.51,-20.45,-18.25,-31.46,-43.26,-34.49,-22.44,-27.71,-30.72,-28.71,-21.63,-17.59,-30.82,-19.96,-18.14,-20.71,-16.05,-29.54,-17.94,-23.39,-20.9,-16.48,-21.17,-26.13,-22.78,-19.77,-18.21,-15.2,-30.91,-18.42,-22.69,-20.26,-29.29,-29.58,-17.87,-23.6,-14.31,-22.13,-20.21,-21.04,-25.53,-26.07,-15.98,-18.6,-20.7,-20.46,-23.18,-19.88,-16.48,-13.56,-26.65,-15.91,-14.57,-22.16,-20.88,-25.13,-25.13,-24.68,-20.94,-15.9,-18.39,-20.4,-23.34,-24.46,-18.86,-11.73,-17.23,-18.27,-14.63,-33.92,-22.55,-29.37,-23.76,-25.73,-20.26,-29.61,-14.78,-19.76,-22.73,-20.63,-13.96,-20.31,-11.19,-22.67,-17.26,-18.71,-18.01,-24.9,-14.15,-21.89,-21.97,-18.44,-29.17,-14.6,-19.14,-16.01
1790974679.421,1,1746167,451127,0,10000,15000,4,600,56.87,60.54,56.08,53.05,44.66,44.51,42.56,49.41,36.84,23.54,10.74,2.06,5.15,1.41,5.8,-0.65,5.2,-4.81,-6.54,-5.55,-11.57,-2.15,8.68,8.19,-1.01,-6.85,-0.38,13.22,13.35,5.35,0.47,2.11,-5.13,-3.91,-29.46,-16.66,-5.95,-22.93,-11.13,-7.56,-8.77,-8.31,-6.61,-14.81,-7.49,-12.26,-10.75,-13.22,-5.1,-10.3,-12.77,-11.82,-10.51,-15.06,-14.23,-5.72,-2.72,-5.9,-12.64,-13.2,-9.96,-14.4,-6.72,-13.81,-8.46,-8.58,-8.45,-6.81,-12.01,-29.46,-11.82,-3.93,-14.54,-3.47,-21.89,-5.36,-10.83,-2.47,-21.7,-5.39,-8.66,-9.63,-7.27,-11.6,-14.9,-15.09,-12.45,-8.96,-7.1,-4.66,-13.23,-9.42,-12.56,-5.97,-5.27,-10.19,-9.12,-17.44,-14.53,-8.04,-15.32,-4.88,-11.61,-5.79,-10.41,-10.86,-6.77,-6.84,-12.78,-21.32,-3.43,-14.33,-21.19,-16.25,-12.31,-14.07,-9.07,-28.2,-10.01,-17.19,-18.74,-18.97,-8.51,-29.46,-7.56,-11.35,-8.92,-10.58,-25.95,-6.61,-16.36,-16.18,-9.32,-8.3,-12.76,-6.95,-7.79,-15.85,-11.23,-10.27,-10.18,-12.32,-10.7,-23.93,-9.92,-7.47,-10.68,-4.8,-13.27,-18.86,-6.81,-5.78,-7.12,-5.93,-24.67,-11.5,-10.74,-16.36,-16.21,-25.79,-12.31,-4.93,-10.04,-10.03,-8.2,-11.98,-6.13,-9.7,-7.45,-15.5,-12.08,-4.37,-18.95,-12.29,-12.16,-8.04,-10.65,-17.76,-29.46,-13.84,-9.22,-14.9,-11.3,-4.6,-22.09,-9.18,-10.6,-21.08,-20.29,-13.16,-8.61,-13.09,-7.53,-8.85,-7.93,-5.79,-9.28,-9.33,-13.67,-9.41,-4.76,-8.62,-29.32,-0.2,-11.78,-8.27,-9.58,-11.69,-10.15,-17.73,-11.71,-9.27,-6.66,-10.54,-9.97,-17.14,-12.58,-5.84,-5.2,-11.93,-13.41,-21.41,-8.4,-12.66,-8.39,-12.05,-9.78,-29.46,-8.6,-8.32,-12.49,-8.52,-2.85,-20.27,-9.12,-14.03,-5.35,-15.32,-2.88,-4.81,-17.11,-17.89,-10.32,-7.18,-7.73,-5.55,-7.26,-10.05,-13.6,-15.27,-7.76,-16.36,-12.52,-14.13,-17.66,-18.5,-18.54,-14.06,-7.95,-10.3,-16.43,-11.96,-11.29,-10.71,-12.35,-4.4,-13.53,-11.87,-6.05,-15.53,-7.57,-4.45,-4.49,-5.23,-24.38,-4.73,-9.62,-13.06,-10.16,-15.13,-13.98,-12.81,-11.36,-18.76,-19.76,-14.96,-6.62,-6.62,-25.39,-3.96,-9.22,-5.61,-13.3,-5.41,-10.06,-8.7,-12.19,-10.25,-4.35,-13.24,-12.7,-6.53,-9.2,-5.61,-10.45,-7.53,-5.37,-11.59,-18.93,-10.88,-3.61,-2.37,-5.61,-8.98,-21.87,-23.92,-12.92,-14.69,-11.35,-5.06,-3.59,-9.37,-8.56,-14.12,-29.46,-7.11,-7.97,-23.18,-1.32,-9.2,-11.14,-13.04,-10.02,-7.1,-6.86,-10.7,-11.88,-12.98,-15.88,-7.13,-11.25,-18.52,-18.38,-9.92,-8.26,-3.73,-15.7,1.68,-16.38,-11.64,-6.95,-5.92,-15.5,-7.36,-3.29,-11.6,-16.87,-7.08,-5.14,-10.93,-11.36,-23.02,-6.75,-2.21,-18.27,-10.56,-14.74,-10.75,-10.88,-8.19,-10.18,-6.51,-18.52,-11.21,-6.88,-9.81,-10.98,-6.36,-7.87,-7.22,-5.85,-7.44,-13.98,-16.02,-10.2,-11.09,-22.35,-8.91,-4.48,-18.92,-6.7,-9.61,-22.12,-14.59,-12.14,-6.23,-9.83,-5.35,-2.87,-18.38,-9.11,-13.28,-13.15,-10.92,-15.72,-7.42,-4.23,-23.1,-16.98,-10.31,-15.92,-9.57,-17.12,-8.58,-10.21,-25.13,-14.01,-6.95,-16.07,-10.98,-7.12,-16.25,-5.45,-18.09,-9.79,-13.3,-10.25,-14.72,-11.48,-19.15,-10.98,-14.43,-26.28,-13.93,-6.49,-9.59,-10.02,-17.16,-9.51,-5.41,-2.81,-10.23,-7.19,-29.46,-6.52,-5.32,-17.05,-9.34,-9.52,-8.54,-11.57,-7.09,-10.3,-9.09,-13.2,-21.49,-18.83,-23.46,-9.11,-4.97,-13.39,-5.62,-6.38,-8.88,-12.51,-6.55,-6.12,-21.36,-17.98,-13.64,-24.07,-11.36,-15.22,-3.74,-2.18,-5.71,-5.67,-10.51,-14.98,-6.4,-21.19,-22.46,-9.76,-6.29,-12.02,-17.31,-6.63,-2.69,-25.27,-4.86,-8.33,-15.39,-7.54,-7.99,-8.87,-10.82,-6.71,-16.34,-5.17,-3.27,-14.62,-12.3,-15.44,-9.88,-13.3,-10.12,-9.84,-10.87,-2.82,-8.92,-7.55,-10.74,-3.25,-6.08,-4.1,-2.1,-9.48,-12.11,-21.45,-15.53,-7.6,-8.28,-10.55,-8.69,-9.2,-7.13,-7.49,-7.94,-12.18,-13.55,-14.45,-13.35,-6.49,-19.86,-7.5,-8.29,-13.68,-7.85,-22.48,-8.21,-15.67,-27.58,-10.49,-13.42,-10.61,-13.18,-11.46,-6.04,-10.55,-23.13,-4.05,-5.49,-12.35,-10.41,-9.35,-10.69,-7.03,-23.31,-3.59,-13.78,-15.7,-8.26,-11.75,-14.42,-22.78,-9.9,-10.05,-12.4,-17.17,-13.1,-15.29,-9.12,-5.17,-14.61,-14.88,-14.33,-9.29,-11.39,-4.2,-15.91,-7.77,-19.44,-19.58,-9.35,-13.47,-17.35,-12.58,-11.33,-4.2,-10.92,-15.87,-7.31,-13.02,-6.94,-10.79,-10.55,-17.61,-12.64,-8.43,-11.82
1790974679.438,2,1746184,451127,0,10000,15000,5,600,57.25,60.16,55.85,52.2,48.8,46.78,47.24,48.79,42.05,27.96,16.04,14.38,16.86,17.03,6.69,12.53,9.94,3.71,7.03,4.19,1.83,6.22,12.7,11.93,18.43,11.95,5.3,12.26,19.49,11.03,3.27,8.49,5.41,14.67,9.88,13.21,11.06,-1.1,0.56,8.44,1.96,5.11,6.21,8.52,-6.18,5.39,-0.57,6.68,6.22,6.82,5.93,9.44,2.86,9.16,5.18,11.15,9.37,7.64,1.46,5.42,13.9,12.2,4.19,8.57,7.52,0.27,7.47,15.37,10.38,6.68,2.1,-0.73,-10.37,3.5,-4.57,-7.95,-14.0,0.95,-0.6,-10.52,-21.89,-6.56,-2.08,1.8,0.35,-17.94,-17.54,-1.35,-2.64,-5.75,-2.61,-8.1,-3.15,-3.9,-18.42,-12.8,-10.66,4.99,-6.08,-10.95,-3.4,0.48,-0.48,-15.36,1.01,0.96,-4.07,-7.22,-1.28,-3.53,-7.52,-16.45,-11.87,-4.96,-9.7,-5.06,-3.94,-13.63,-11.57,-3.99,-0.22,-3.3,-5.01,-0.77,-10.55,-4.6,-2.86,-9.74,-3.43,-15.23,-4.64,-12.28,2.91,-3.62,-5.85,-13.94,0.99,-6.02,-4.29,-0.14,0.87,-3.58,-11.62,-3.57,-3.09,-4.32,-7.86,0.09,-5.12,-5.51,-3.2,-0.94,0.94,-2.39,-1.86,-0.86,-2.05,-11.08,-10.66,-3.57,-10.56,-0.26,-9.05,-4.77,-6.94,-1.64,-8.42,-5.45,-1.0,-8.22,-2.17,-4.05,-17.69,-7.46,-3.74,-1.54,-1.39,-6.04,-5.18,-2.98,-0.89,-10.15,-15.7,-12.25,-3.52,-3.96,-15.98,-10.69,-6.87,-9.63,-0.23,-4.49,-2.89,-5.36,-11.93,-3.87,-5.4,-7.56,-3.51,-23.95,3.36,-8.88,-5.41,-12.51,-6.9,-1.81,-16.9,-2.53,-9.24,-4.13,-10.29,-2.83,-20.4,-9.81,-2.38,-15.89,-1.13,-22.05,-15.19,-17.94,-12.68,-1.6,-6.65,-2.59,-5.94,-11.77,0.25,-14.87,-2.96,-10.26,-1.48,-17.85,-10.32,-7.56,-6.96,-3.17,-14.24,-9.02,-11.66,-16.19,-22.18,-12.09,-10.29,-4.77,-6.02,4.44,-5.17,-5.8,-6.61,-19.69,-5.6,-18.38,-28.66,-4.08,-5.97,-7.42,-16.15,-4.85,-4.77,-8.75,-9.52,-10.11,-13.28,-11.21,-2.74,-5.51,-4.1,-6.17,-23.09,-9.45,2.67,-6.83,-0.08,-1.43,-8.93,-17.77,-4.66,-10.54,-8.63,2.67,-14.05,-9.91,-1.27,-10.0,-5.8,-0.86,-4.14,0.11,-17.33,-0.21,-16.26,-7.04,-4.07,-4.04,-16.28,-2.28,-1.89,-5.79,-22.07,-10.31,-3.7,-2.11,-0.9,-9.97,-12.11,-9.33,-7.28,-8.33,-5.66,-3.25,-5.67,-1.37,-15.36,0.7,-3.95,-2.74,-2.47,-3.31,-2.78,-12.81,0.09,-8.38,-2.15,-8.43,-5.56,-8.04,-11.25,-23.06,-7.64,-12.9,-7.6,-3.35,-8.17,-3.37,-1.81,-0.2,-1.07,-2.5,-6.31,-2.98,-10.2,-0.29,-8.52,-10.07,-2.66,-9.07,-3.42,-2.19,-0.48,-1.05,-11.28,-4.8,-10.74,-14.73,-4.12,-10.33,-17.53,-1.54,-4.48,-8.7,-6.88,-2.15,-2.92,-2.57,-16.24,-14.99,-6.05,-11.45,-5.12,0.94,-2.63,-4.7,0.27,-5.46,-3.77,-15.07,0.51,-12.2,-11.85,-12.3,-9.51,-2.1,-4.6,-16.43,-3.81,-0.54,-6.87,-8.96,-9.35,-4.53,-1.53,4.13,-6.27,-6.93,-8.9,-2.52,-19.32,-3.71,-13.3,-2.34,-12.18,-4.22,-0.6,-1.79,-3.53,-10.93,-4.01,-2.32,-7.61,-9.29,-14.08,0.57,-8.11,-17.48,-6.86,-4.24,-11.87,1.0,-6.14,-9.59,-6.59,-1.94,-10.63,-8.96,-6.6,-3.1,-12.49,-1.18,-4.46,0.29,-19.0,-2.4,-11.05,-5.27,-5.26,-2.7,-2.19,-14.24,-10.19,-4.34,-6.4,-2.91,0.64,-11.43,1.5,-6.17,-12.84,-7.37,-11.52,1.09,-11.45,-3.29,-12.35,-28.01,-14.2,-24.38,-4.15,-7.75,0.02,-11.71,-7.44,-5.28,-1.99,-6.73,-7.08,-9.84,-3.49,-10.25,-11.09,-13.55,-7.82,-4.52,-9.88,-14.66,-2.22,-14.27,-6.32,-5.81,-9.47,-15.45,-13.94,-6.74,-13.97,-4.28,-15.61,-0.2,-6.36,-17.02,-14.3,-9.11,-4.78,-6.81,-3.21,0.21,-10.54,-7.16,-13.7,-7.84,-1.13,1.48,-1.47,-18.64,-3.89,-2.19,-23.08,-2.06,-12.3,-8.0,-6.29,-11.48,-8.45,-9.36,-7.81,-10.9,-14.07,-2.44,-7.82,-6.61,-4.36,0.37,-0.68,-9.94,-8.08,-11.35,-4.82,-13.15,-2.49,-0.07,-20.53,-14.11,-13.49,-6.54,0.9,-0.46,-16.18,-10.27,-4.48,-2.6,0.24,-1.41,-14.04,-4.74,-12.52,-5.58,-4.59,-3.42,-1.47,-4.79,-3.88,-5.26,-9.64,-2.87,-7.6,-14.01,-17.9,-2.4,-6.4,-10.77,-7.17,-4.59,-7.13,0.27,-8.2,-13.02,-20.42,-5.37,-2.87,-6.19,-5.24,-0.07,-17.51,-2.61,-4.47,-13.94,-2.07,-5.56,-18.47,-12.09,-1.75,-16.97,-18.41,-6.58,-3.98,-10.14,-11.7,-13.91,-8.32,-9.74,-10.31,-10.43,-6.84,-6.41,-5.64,-10.95,-10.21,-12.2,-4.98,-4.14,-3.28,-3.9
1790974679.455,3,1746201,451127,0,10000,15000,6,600,56.42,61.1,55.52,53.79,47.77,28.02,46.75,47.58,46.87,32.79,18.17,15.24,19.22,16.24,10.96,13.54,19.23,14.24,15.58,12.19,-12.68,11.71,19.05,19.52,11.82,0.53,4.33,22.45,23.58,16.22,8.0,11.79,7.48,0.55,-2.38,-0.77,0.1,3.28,-7.54,-5.33,0.01,-1.61,4.48,0.33,-1.22,7.49,2.49,-3.42,4.02,-4.87,-1.87,1.52,1.96,-0.3,1.82,-10.09,-7.07,2.98,1.36,-2.37,-3.22,0.67,2.88,-5.96,6.71,-5.19,-0.61,-1.5,-0.26,2.55,6.67,3.7,-3.72,-2.08,-2.73,-8.22,-4.96,-3.73,-4.09,-0.84,0.8,-3.43,-7.21,-2.47,1.51,4.3,4.52,8.8,1.41,-1.92,3.32,8.78,-4.51,-3.77,-6.23,-5.46,-3.36,-3.15,-11.12,-9.86,5.75,4.31,-9.85,4.83,1.35,-5.72,-2.48,-4.57,-6.42,-2.41,-4.17,-7.38,-0.47,-0.66,0.78,-3.1,3.63,-23.74,-3.39,1.47,-7.05,-1.92,3.54,5.26,2.57,-5.94,-4.7,-0.38,-7.19,-4.3,1.97,0.08,6.12,-2.96,-0.4,1.32,-2.37,0.53,1.56,-1.15,1.0,1.16,0.35,-4.12,3.56,-1.07,-1.82,0.67,-12.58,2.29,-1.02,-1.94,-0.46,0.86,4.58,0.38,5.83,-3.64,-4.52,-25.58,2.83,2.82,3.82,0.18,0.2,2.58,-0.48,3.72,3.81,-2.09,1.88,-3.84,3.03,-0.82,1.29,-8.95,-2.62,-4.18,-0.0,0.68,1.83,0.01,2.67,-0.24,-3.98,-1.36,1.86,2.3,-5.26,-1.03,-4.41,-0.22,3.96,1.27,-0.15,0.88,2.31,-13.99,-4.91,4.52,-6.55,-12.95,3.11,3.44,6.74,7.93,0.3,-4.14,-11.21,1.98,3.79,0.18,1.05,-3.38,-4.04,-1.94,-8.31,-5.72,3.41,-13.5,-16.97,-8.05,-28.32,-0.69,-2.19,-2.39,-3.08,1.56,-8.59,-10.94,-3.93,-2.77,0.54,-10.73,-1.79,-2.69,4.51,-13.37,-6.04,-5.92,-5.4,-0.97,-3.35,-7.83,3.5,-0.25,5.02,-1.89,3.62,2.01,-9.67,2.24,-1.82,0.92,-5.14,4.23,-1.5,-2.87,-6.01,1.8,0.82,-2.77,5.04,-2.58,-4.39,0.56,1.1,-2.06,3.56,5.63,3.63,-1.91,0.41,0.13,-6.97,2.43,0.49,-4.21,1.18,-7.31,-4.75,-8.2,-3.83,-6.83,1.99,-0.25,-0.92,2.32,1.26,-5.61,-4.32,-1.64,3.33,-6.29,3.18,-1.59,-13.0,4.48,-4.88,1.64,-0.26,1.04,2.09,-0.58,6.3,3.33,6.81,2.91,1.88,6.47,1.79,-9.28,-22.43,0.56,6.57,-0.05,2.56,-0.77,4.12,-0.46,-0.82,-13.48,-1.64,-1.53,-5.48,-1.91,0.23,1.71,-5.34,2.99,-5.01,2.85,-5.2,0.24,-2.74,-4.11,1.48,3.65,-0.87,-3.02,0.32,-4.85,-1.12,-11.55,-8.85,-13.95,1.7,-13.1,-1.05,4.17,1.49,-3.23,-5.63,3.47,0.6,-1.99,-3.83,5.49,-1.69,-0.35,-0.79,1.1,-6.22,-5.68,3.13,-4.75,-2.98,0.12,-6.28,-4.53,-14.2,-10.75,-1.45,-13.31,0.44,1.71,8.21,-4.32,-4.82,-5.8,-0.49,2.69,-2.79,-11.31,-8.46,3.96,0.24,1.53,-2.42,2.85,-1.19,-6.45,-2.06,6.41,-7.89,-5.32,0.32,-2.12,0.09,-0.37,-1.5,-11.85,-11.28,4.47,-3.14,-7.26,1.71,-2.29,2.53,3.67,-3.6,-1.44,-0.4,7.6,0.47,-2.14,-15.8,5.17,2.48,-7.99,6.37,-9.72,-4.29,-3.66,-1.23,-5.15,-0.4,4.38,-5.48,0.95,-5.38,3.9,2.31,-9.4,-13.93,-3.05,-2.53,-5.1,-16.45,-3.47,4.78,-2.44,3.03,4.3,-7.92,-3.96,0.19,1.23,-3.25,-1.61,-8.05,1.46,-1.78,2.54,1.52,4.46,4.86,1.46,0.03,-3.59,-1.83,-1.8,4.42,5.56,3.97,-0.57,5.0,2.76,3.69,6.65,4.13,-10.44,-2.13,-0.0,0.27,-8.52,3.15,3.6,-2.49,-10.45,3.98,-12.29,0.06,2.57,-8.54,0.13,-5.2,3.01,-2.47,2.4,6.52,1.98,0.31,-3.82,-2.35,2.76,2.23,0.92,-2.74,3.5,3.22,-2.82,-1.99,-1.04,3.02,-11.21,2.48,4.75,-15.19,-15.1,-1.07,5.34,7.91,-7.09,1.42,-2.4,2.29,6.56,3.76,3.08,2.11,4.35,-6.54,0.18,-9.87,-7.02,-5.56,2.78,-6.51,-0.49,-5.8,1.24,2.51,6.0,-13.51,-10.68,-0.87,3.24,-2.39,6.75,1.9,-1.95,3.55,4.77,-4.38,-0.61,-16.03,-5.5,0.38,0.06,-10.84,1.54,0.9,2.46,6.17,-2.31,-2.92,-0.71,0.41,-5.64,-1.39,-5.36,-7.71,2.51,-3.35,0.8,-2.25,-1.03,-18.51,2.61,-1.87,-5.62,2.94,1.69,1.24,6.11,4.37,5.7,-4.66,2.28,3.23,2.37,2.56,1.39,-4.19,-3.76,1.76,-0.63,-3.66,-5.79,-21.1,-4.61,1.51,-6.22,-3.09,0.91,3.91,-10.34,1.48,-2.92
1790974679.472,4,1746218,451127,0,10000,15000,7,600,56.53,60.92,55.23,51.92,51.04,35.16,50.33,37.39,52.45,38.12,23.68,14.44,24.32,23.69,22.33,15.49,15.23,23.52,23.0,19.32,13.47,26.43,25.17,28.21,11.41,17.3,20.14,30.42,29.52,19.64,19.37,16.15,13.47,6.49,14.5,19.42,17.6,14.52,10.64,18.4,19.35,15.66,21.02,20.12,16.91,9.9,18.24,12.35,2.16,12.16,22.22,21.37,20.05,6.53,22.43,20.15,12.96,17.34,14.3,12.53,23.27,18.35,13.56,16.89,11.32,19.36,22.32,17.46,18.22,11.6,1.22,5.45,3.78,8.6,8.71,8.31,-9.25,-3.55,2.53,7.25,-0.32,13.42,-0.77,6.7,8.46,1.81,7.95,-5.51,5.3,8.64,-3.55,8.58,6.13,7.49,5.18,9.17,0.16,8.07,7.01,-0.16,2.42,6.8,8.76,7.07,7.64,-18.58,3.55,11.75,6.05,-5.52,10.47,0.37,6.16,4.61,4.84,4.19,-2.64,-7.27,5.78,5.76,6.2,-9.29,-0.9,3.86,-9.15,9.76,3.02,8.77,13.74,-3.88,4.21,1.7,8.55,11.57,2.4,-7.89,11.39,7.98,8.69,4.06,6.9,7.15,5.76,8.86,-6.47,9.04,-1.17,2.73,12.69,-4.02,3.71,-7.02,7.5,3.19,4.94,9.81,1.34,8.04,-1.68,8.69,7.37,6.15,5.11,2.55,-1.5,11.15,8.37,-10.39,3.52,9.56,3.29,10.95,8.23,-3.27,5.67,-0.86,9.1,-1.53,-1.36,12.21,-9.07,7.41,1.79,7.05,1.3,4.77,-3.04,3.03,13.07,4.8,11.22,0.31,4.82,0.56,-5.92,9.11,9.94,1.48,-6.4,-4.85,-2.79,-1.91,6.36,4.61,8.57,3.15,0.43,-3.88,-6.28,7.93,7.38,9.79,8.01,9.18,-3.91,-5.12,5.13,3.62,-6.58,3.42,8.73,4.62,-2.96,2.13,3.19,5.57,-1.63,2.25,0.82,1.28,-0.17,9.32,2.69,6.82,-2.03,1.19,9.18,8.88,1.67,0.86,5.64,2.4,3.36,0.16,4.83,-3.11,5.16,5.0,9.31,-4.77,-0.57,4.72,1.61,3.99,-8.72,3.29,6.58,10.28,7.58,2.08,6.84,12.94,-10.88,9.19,6.55,0.11,7.42,5.31,8.34,1.65,8.08,-14.58,-2.01,3.44,1.14,1.36,11.21,7.11,7.17,-1.68,0.7,7.55,9.01,-3.39,-0.46,10.79,12.56,4.11,3.49,-1.45,0.34,0.13,8.3,3.46,9.37,0.81,4.13,7.24,4.57,3.38,1.28,2.0,-6.03,8.29,13.47,1.88,9.88,6.72,10.21,14.13,2.69,12.05,0.87,9.6,4.56,4.21,10.83,0.64,7.42,4.57,-4.31,6.09,8.85,-6.83,3.74,1.33,8.75,4.02,1.87,0.85,4.49,6.11,4.42,9.51,-6.33,2.49,-2.33,10.59,-8.84,9.53,-3.59,-1.19,3.27,10.75,6.9,4.9,2.67,-0.53,-0.54,11.78,5.41,5.5,3.63,-1.94,-3.49,1.9,7.37,6.07,4.02,-0.34,9.31,7.67,1.5,3.3,-0.64,-6.08,9.42,5.6,8.14,8.0,3.55,2.11,-1.37,-0.97,6.37,2.14,7.48,6.6,-5.38,2.62,5.4,13.01,3.57,10.56,1.14,10.09,4.24,4.64,-1.54,1.41,3.07,1.44,7.48,4.69,-11.67,2.66,7.4,3.91,-0.84,4.76,8.41,6.13,7.47,2.59,1.3,8.71,8.47,-4.08,2.79,4.62,9.54,2.2,-3.34,0.53,6.98,2.56,5.14,3.49,3.94,1.94,7.46,10.04,-8.9,7.57,3.38,6.33,5.93,4.97,3.65,0.3,4.18,-0.27,1.91,2.37,7.44,6.98,10.31,-4.44,7.1,2.6,8.52,-0.49,-1.99,1.71,10.98,-0.26,-0.72,7.7,2.49,3.73,9.89,5.76,10.76,1.59,-2.8,6.11,7.57,0.92,-2.28,6.18,9.32,2.18,4.16,10.49,6.0,3.55,4.23,10.67,7.98,2.85,-6.15,1.37,10.53,4.07,-9.84,9.71,-4.02,-1.62,11.07,0.83,3.56,8.91,2.16,7.39,-0.23,5.05,-2.95,3.22,2.38,7.39,8.62,8.43,0.6,3.76,6.01,7.25,5.14,3.9,4.7,9.44,-1.55,-0.68,9.06,3.02,11.25,-2.43,3.74,7.56,1.19,2.88,2.21,4.81,9.12,8.58,3.06,0.36,2.54,-2.3,-5.57,-0.02,4.72,5.75,3.79,2.7,0.41,6.85,7.12,0.9,-0.32,2.84,-1.27,4.1,-0.2,10.55,0.57,9.64,8.66,-11.08,1.98,5.97,10.33,2.78,7.39,-2.52,5.09,-9.34,6.69,6.54,8.52,6.96,5.65,1.59,7.46,-4.03,-1.74,11.34,5.27,-12.02,9.81,8.07,9.9,6.52,6.41,3.82,5.25,6.93,-4.74,-1.91,0.58,-5.79,0.11,13.44,6.5,-1.97,10.8,2.83,0.49,9.08,-10.58,-3.69,-3.31,3.7,3.01,0.07,-5.29,8.73,7.75,0.46,-6.43,6.35,4.96,1.22,1.3,-4.33,5.18,7.37,5.6,2.77,5.34,2.64
1790974679.489,5,1746235,451127,0,10000,15000,7,600,56.49,60.91,55.23,51.86,51.05,35.3,50.46,34.53,53.35,39.76,29.44,9.39,22.05,21.54,18.28,15.11,21.52,14.02,13.51,14.99,8.39,14.28,22.98,22.5,15.01,0.52,13.54,27.52,30.59,19.61,17.4,15.27,10.13,-0.85,10.28,8.72,2.62,8.04,2.43,1.8,-3.13,3.2,-23.62,7.54,1.82,1.65,6.92,10.22,7.83,5.3,9.12,-8.59,0.79,4.22,-2.31,8.41,-0.86,6.99,6.52,7.1,8.82,3.65,-1.4,2.86,-0.91,3.85,6.67,3.85,8.31,-0.54,13.1,-1.41,6.58,5.59,11.86,6.18,11.37,6.48,-7.96,8.39,9.7,11.14,9.36,6.79,0.42,5.05,8.9,7.28,4.26,1.63,5.36,9.77,6.06,3.11,10.49,1.86,3.53,-8.84,8.71,-1.11,6.01,-15.88,-13.74,7.26,1.6,2.55,8.82,9.44,-4.72,4.87,6.4,2.83,-5.19,8.56,5.73,7.41,8.67,-1.43,9.73,2.49,4.24,2.54,2.56,7.36,3.34,9.43,7.09,4.08,2.18,5.03,-3.66,-6.67,-7.14,-0.05,8.25,10.79,4.01,6.9,-0.95,6.07,10.57,-0.37,1.12,7.29,2.83,3.01,2.49,-1.14,11.39,10.39,-10.3,9.17,14.16,2.41,1.76,5.55,2.33,6.92,8.31,8.7,1.88,7.41,-1.75,6.29,10.26,9.06,7.83,3.6,4.21,0.47,4.97,7.6,6.57,8.87,-9.86,3.73,-14.41,6.15,3.43,2.81,-4.74,4.7,7.4,8.14,7.5,7.1,4.89,9.92,9.44,4.89,8.48,-7.73,8.51,9.45,5.47,6.64,6.58,8.46,9.25,13.66,14.11,10.01,6.42,6.8,0.23,3.31,3.56,9.55,6.97,-0.49,-1.56,-5.67,7.07,2.33,5.88,2.26,2.36,5.58,5.01,2.63,-10.54,7.54,6.18,5.26,8.05,-4.51,6.21,6.01,2.93,4.88,-13.66,3.75,3.1,2.34,-1.68,8.53,5.21,6.03,11.01,-6.51,3.28,7.21,8.89,-4.37,1.87,1.87,-0.55,7.73,-0.15,3.95,-8.9,6.8,9.71,-6.53,-2.95,0.88,7.43,2.35,3.61,7.62,7.8,8.59,5.19,-2.55,10.9,8.1,-1.29,8.46,-7.7,6.18,5.18,-0.25,-3.59,4.05,10.31,3.09,6.55,1.49,6.6,3.15,1.11,-2.15,3.53,-5.24,3.18,5.55,-0.41,2.08,3.81,10.42,2.63,4.24,-11.42,4.31,8.74,0.41,0.87,8.52,5.84,-5.07,11.33,5.43,6.37,1.56,5.04,9.7,2.18,0.95,5.64,1.53,9.27,10.22,5.19,4.83,-1.79,2.11,-4.96,1.08,10.15,1.07,-0.28,9.35,11.3,-6.49,8.03,1.63,-2.47,-3.96,4.49,2.86,5.89,1.47,4.27,1.81,12.97,5.27,2.5,2.07,5.68,-2.16,-1.11,9.06,8.6,7.79,1.55,-5.77,8.83,-4.6,4.53,6.54,2.54,10.95,2.17,7.22,2.35,-1.63,9.4,6.93,4.22,3.95,7.97,7.39,8.47,-5.84,6.09,4.32,-1.57,-3.4,8.29,9.0,10.22,3.62,1.08,8.14,5.32,2.7,12.27,4.62,3.02,-1.51,1.55,5.77,5.66,7.86,3.34,6.15,6.7,5.02,2.66,9.64,7.63,-9.68,-4.67,-5.81,7.49,-10.66,4.2,-2.31,6.91,8.56,3.75,0.98,6.36,9.37,0.35,3.61,6.25,7.88,8.97,4.4,5.87,4.35,5.15,-1.22,-0.8,5.51,-1.58,0.9,3.06,-1.51,-6.2,11.24,1.14,-20.05,6.18,7.21,5.28,3.18,0.22,3.07,6.8,-3.87,9.61,8.56,3.31,5.92,-3.36,8.21,3.33,10.18,7.67,-3.46,8.37,10.93,2.57,2.41,9.58,1.55,5.19,-9.57,9.75,9.05,8.49,5.56,3.13,5.21,2.79,8.8,6.21,7.89,12.22,-4.99,9.68,-0.93,8.08,2.6,6.51,7.78,-13.57,5.65,-9.9,6.67,7.31,-1.23,7.41,-7.07,-0.09,9.11,4.51,-3.71,6.56,9.12,5.54,-15.7,8.07,8.46,-7.96,7.51,10.24,3.68,11.79,-3.11,5.69,-1.29,4.42,7.39,3.43,-5.71,9.85,3.31,-0.2,0.5,-1.15,-4.11,7.59,6.91,5.47,4.43,8.49,10.37,4.49,-5.09,3.87,-5.72,5.41,-6.66,10.53,-1.19,1.92,2.57,-4.25,13.25,-3.72,8.22,5.83,-4.46,-21.0,4.6,0.35,-1.33,4.24,5.98,3.99,8.68,0.11,1.46,7.76,-1.44,7.11,8.23,6.31,4.93,4.17,0.34,-3.29,7.95,-0.73,2.79,8.35,1.28,8.53,9.39,-8.55,1.0,2.85,-1.41,-1.04,3.07,9.31,8.73,12.0,9.66,11.55,4.45,3.14,3.33,4.9,4.81,7.78,7.05,-2.57,10.26,3.44,2.38,-4.36,4.56,6.82,-0.82,9.22,10.64,-1.5,0.73,6.17,2.2,12.66,5.14,7.87,9.08,9.17,4.21,3.41,8.31,-2.72,-1.14,-3.7,0.19,9.7,2.76,8.85,7.5
1790974679.506,6,1746252,451127,0,10000,15000,7,600,56.55,60.94,55.24,52.1,50.92,33.63,50.65,34.41,52.8,38.71,26.12,24.68,23.77,25.8,22.64,18.08,22.46,8.81,19.49,20.64,19.54,20.03,24.38,28.02,21.96,20.88,21.78,28.89,31.13,23.01,21.49,15.22,21.19,17.72,14.25,20.61,11.28,11.69,18.94,22.09,16.78,17.65,22.19,24.24,18.13,12.63,14.4,19.57,15.77,8.49,14.73,20.01,25.79,19.44,4.13,17.77,17.35,10.25,13.94,8.44,19.73,25.0,17.73,17.83,17.76,16.95,21.48,20.42,16.91,10.52,9.22,1.83,-23.35,0.64,3.19,3.66,-0.31,-15.02,1.9,7.05,8.33,2.41,-2.53,7.93,0.08,5.3,-4.84,4.32,1.14,3.28,1.04,10.98,-0.38,11.7,5.13,10.11,-2.05,9.97,10.02,3.14,-0.09,6.87,9.15,4.34,-3.02,11.82,8.75,1.72,-3.93,-5.87,11.13,11.65,1.17,3.19,2.36,-12.37,-8.43,-8.3,4.64,10.41,9.37,4.03,-4.76,1.03,-1.16,5.36,6.58,7.25,-5.16,6.04,4.68,2.13,2.6,9.64,8.19,8.52,8.51,-0.58,6.01,10.43,5.91,7.28,2.99,-1.96,-2.21,13.2,7.28,2.07,5.47,5.71,9.73,6.69,1.41,10.69,7.45,4.69,1.47,2.78,5.18,10.1,4.29,8.35,8.16,-4.05,-0.12,-11.76,-2.53,2.53,10.0,-4.95,-9.6,-2.87,11.88,8.34,0.07,3.23,-1.89,5.03,-4.42,-4.51,2.37,8.72,5.22,5.83,8.71,1.21,3.01,-2.86,-9.09,-0.16,7.33,-4.14,3.94,5.51,7.44,-10.47,3.24,-8.03,9.5,1.31,5.54,6.23,4.21,-2.83,4.16,4.17,11.05,3.43,4.63,10.26,-6.81,0.94,5.67,-17.36,8.79,12.45,6.91,-0.6,8.69,12.55,0.19,9.93,-7.67,4.85,6.06,4.14,1.62,5.86,-6.41,4.23,4.34,-5.07,2.1,3.67,-4.2,-4.08,-13.15,2.82,4.29,5.85,8.94,7.5,8.86,3.21,7.19,7.64,8.69,11.8,0.94,-1.05,7.22,9.61,2.32,8.21,-4.67,0.62,6.04,5.24,0.68,2.39,10.03,8.47,3.53,1.92,8.16,8.52,3.34,-3.85,3.3,9.6,9.63,12.43,-5.21,3.45,2.81,-1.19,-5.23,-1.12,1.56,-3.95,3.31,6.72,0.58,-0.34,7.74,4.86,10.47,5.06,-11.76,0.63,7.37,-0.78,-11.8,8.98,4.11,1.7,1.06,4.64,-2.79,6.44,5.35,0.54,2.14,6.75,4.82,9.37,7.14,3.25,6.88,3.7,3.55,0.81,6.69,11.87,5.1,2.42,-1.07,1.01,4.49,1.01,0.75,6.68,7.05,6.77,1.94,9.7,-0.17,5.73,3.74,-9.9,11.52,1.77,6.81,-14.08,-4.76,10.8,7.77,-3.64,9.95,9.08,-0.7,4.5,1.09,6.9,4.05,-2.29,-8.32,9.07,8.91,8.64,11.56,9.57,-1.77,-0.42,3.61,1.5,-2.72,2.66,7.6,-1.51,-5.63,4.7,11.56,4.45,5.62,-4.88,-7.47,9.1,0.48,10.32,6.41,-2.94,12.72,-1.9,2.42,4.28,-3.47,9.77,-0.86,7.15,2.94,-0.53,4.89,3.35,-0.97,3.35,4.77,4.34,-5.74,5.54,9.42,10.11,0.69,3.68,13.18,6.4,-1.42,1.52,4.99,9.22,-6.47,3.63,3.37,11.29,0.54,-0.13,1.95,4.7,-6.63,1.19,3.19,-2.81,-6.73,-2.83,-4.09,9.96,6.71,-7.57,7.92,8.92,9.85,8.59,6.46,-7.1,-0.95,2.4,-10.62,1.8,-5.02,2.2,9.12,5.18,2.59,5.7,0.65,9.01,5.24,3.68,-5.62,0.87,-2.56,4.42,6.55,2.96,5.98,5.57,-1.25,-7.5,6.15,9.78,9.33,7.77,1.77,6.99,-2.1,-16.52,6.25,4.47,4.18,-6.55,2.63,9.59,6.24,0.86,-0.84,2.24,0.09,2.08,6.63,2.16,7.46,-0.02,-4.51,7.0,-7.72,-3.2,9.09,1.91,-13.67,10.44,1.79,7.64,13.28,2.07,1.25,7.77,-3.29,5.93,1.45,-7.5,2.22,-0.65,-7.14,3.45,-4.33,4.93,8.08,4.37,8.43,5.71,5.2,10.19,2.49,10.05,7.39,6.38,3.43,4.52,-1.91,4.88,0.68,8.29,5.73,8.73,3.93,9.26,8.43,5.28,4.86,5.08,9.62,-6.27,10.89,0.38,7.66,1.7,-4.5,2.15,12.34,-4.9,2.22,2.32,2.18,7.93,-0.18,10.29,4.03,5.27,4.37,-2.94,4.91,-3.09,6.61,2.01,3.51,8.14,4.37,-1.63,8.13,4.12,-2.71,2.5,-9.85,7.28,0.56,7.63,7.37,5.44,1.28,5.92,3.62,8.66,10.67,5.32,-1.37,-3.43,2.27,1.1,4.67,9.1,3.86,2.93,1.97,3.13,4.49,9.37,-0.77,9.14,8.8,4.65,3.37,4.12,4.62,4.84,2.16,-1.29,-1.22,0.98,-0.96,4.46,-4.03,-5.83,11.45,-1.53,4.03,-0.74,2.67,5.24,6.06,5.44
1790974679.523,7,1746269,451127,0,10000,15000,7,600,56.57,60.92,55.24,52.06,51.02,34.46,50.17,34.9,53.29,39.54,24.24,24.42,28.02,19.51,14.31,21.19,23.93,13.69,23.49,23.88,-5.84,16.25,24.2,25.15,12.98,0.93,5.41,28.62,29.72,20.82,14.83,19.5,14.36,4.75,6.3,12.12,5.81,-1.87,-0.55,-4.25,7.38,5.48,1.62,11.24,-0.74,-13.95,9.65,5.5,8.01,8.45,0.19,8.52,5.2,0.92,2.08,9.48,-1.75,5.93,4.06,12.45,4.99,9.96,-2.41,-1.57,10.18,2.75,4.4,5.64,2.21,5.06,-0.67,7.69,-1.62,2.93,6.38,2.67,12.76,8.77,9.45,1.69,2.9,0.39,-5.06,-8.36,-5.03,-3.62,8.64,0.65,6.17,10.71,1.91,1.38,0.16,9.78,1.08,-3.21,5.51,8.93,-2.16,8.64,-1.76,-1.23,7.63,-0.34,4.85,9.09,2.21,8.24,5.77,-0.35,0.67,7.82,4.93,6.25,8.23,0.51,9.4,6.23,-2.06,2.98,3.08,2.94,8.14,3.49,5.03,-10.13,-2.33,4.46,9.23,4.54,1.53,-10.44,8.72,-7.11,7.88,3.26,1.12,0.39,3.21,4.78,8.74,12.72,5.01,2.23,2.73,-1.01,2.99,13.09,-8.64,9.63,6.52,8.96,5.84,1.62,4.32,5.81,5.26,-2.13,4.62,4.14,6.08,11.14,0.54,12.12,7.18,8.75,2.26,4.29,9.64,6.01,-5.91,7.19,2.38,11.01,7.7,5.26,2.9,2.3,5.22,4.62,10.69,7.75,7.0,3.12,3.72,7.57,12.34,9.41,0.5,4.07,-1.02,-0.85,9.78,0.03,-0.3,10.48,-1.67,5.46,3.32,5.67,5.38,-1.51,9.66,3.09,7.2,3.19,9.54,3.62,9.13,1.96,2.65,9.38,7.8,5.27,9.26,4.94,1.32,8.21,7.38,5.87,6.99,-8.84,0.59,10.85,4.93,-4.6,2.25,8.6,5.07,5.34,8.74,-0.98,-1.43,6.83,-2.67,-13.16,-0.13,6.24,6.78,-13.91,6.37,6.62,0.76,11.61,4.06,4.46,-0.01,6.36,4.87,7.05,-1.6,7.65,7.77,8.91,10.38,7.62,-1.71,8.1,1.82,-2.72,5.95,10.25,1.88,8.76,2.2,-3.2,-9.34,8.28,2.48,1.12,10.61,12.13,6.9,-4.76,-1.91,-3.09,-0.54,6.79,11.08,3.4,-1.17,6.63,6.52,9.64,3.19,9.67,1.39,-4.98,8.2,-3.77,9.74,10.94,4.08,11.77,3.11,7.14,3.59,-1.98,0.47,-0.48,7.21,2.81,-5.87,6.5,5.33,10.61,6.68,12.28,11.26,4.2,7.98,-2.09,6.88,-1.7,-0.19,6.81,4.89,-1.53,6.23,5.69,-0.9,2.56,-2.46,0.16,8.66,1.66,-10.16,4.8,2.33,2.85,7.76,-1.42,10.51,6.48,-5.48,5.99,5.8,1.88,5.82,-12.25,9.81,3.46,9.03,8.27,7.87,3.01,10.16,5.36,6.78,11.38,4.93,4.4,5.32,2.31,4.77,-18.7,6.72,9.57,7.56,3.13,5.75,5.5,-6.78,9.65,1.37,5.16,-27.9,5.2,4.94,-0.15,-5.69,7.97,-11.43,-3.69,-6.61,10.58,8.03,0.39,-0.37,8.44,2.79,5.86,5.95,4.65,8.79,3.61,0.96,3.87,2.16,1.56,2.6,9.96,10.88,6.84,0.81,1.6,4.1,-0.39,1.09,-4.82,7.78,1.03,6.85,13.16,3.27,-0.92,10.67,8.07,4.89,-0.95,8.74,8.43,10.55,9.23,-5.84,8.1,9.59,-17.81,9.19,8.48,-5.28,2.41,9.71,11.38,-1.0,8.01,2.2,9.74,-12.75,8.11,5.12,1.12,-9.92,1.32,11.29,11.09,8.27,-2.83,5.54,-0.94,-12.28,9.75,-3.08,4.47,4.62,3.5,4.56,-0.67,6.21,1.7,-3.95,1.71,-0.75,8.87,1.96,-4.15,3.06,6.97,-0.95,0.16,-2.86,4.06,5.69,4.74,-16.6,-11.03,6.09,-11.61,11.2,5.24,10.18,-9.01,11.09,-1.42,8.96,7.46,9.26,9.46,5.04,10.73,-3.64,-1.01,-3.31,3.4,4.63,8.81,9.11,7.75,7.42,2.68,3.01,-2.75,4.96,-4.23,8.48,3.43,0.89,0.79,9.35,-10.35,-18.32,7.44,1.63,6.98,8.64,3.92,6.38,2.23,-0.79,11.1,6.65,11.69,6.09,5.03,1.09,3.11,1.48,10.28,6.58,2.85,13.78,3.17,6.22,1.42,-7.64,8.04,5.64,4.85,5.84,2.87,5.51,-11.26,1.08,10.18,7.49,4.61,-18.22,5.53,10.45,-1.82,2.96,-1.72,-2.94,7.26,-2.68,5.31,8.15,1.71,-3.11,10.97,6.79,-14.02,4.86,6.29,1.58,11.04,3.26,8.01,8.46,8.97,10.51,6.41,6.19,2.89,-0.62,2.15,-2.65,9.12,3.93,4.78,8.66,1.72,9.21,8.71,7.19,1.99,11.09,-12.04,1.9,6.14,7.15,4.56,5.36,4.63,4.34,6.04,8.94,1.62,-9.05,8.44,-5.55,3.15,6.34,4.02,-4.18,6.64,13.11,10.2,12.67,-0.53
1790974679.540,8,1746286,451127,0,10000,15000,7,600,56.25,60.13,58.25,57.36,51.61,52.72,44.69,46.47,53.23,38.76,24.26,22.47,24.46,19.65,20.9,19.27,21.6,21.39,16.49,20.76,17.17,26.16,26.44,22.54,25.3,19.31,20.93,26.05,30.55,26.82,20.92,11.14,11.47,20.23,10.94,20.58,18.39,16.21,21.15,14.7,6.85,10.86,19.52,23.04,4.17,18.85,21.87,19.35,18.82,15.41,14.19,14.38,22.34,11.05,19.58,17.74,17.6,22.77,21.71,8.78,14.31,12.39,21.79,19.98,23.63,16.61,21.18,17.93,11.7,0.86,3.86,1.0,6.79,-12.6,4.22,9.24,2.47,1.33,8.11,7.79,4.63,8.08,6.25,5.98,5.05,7.7,-2.61,9.48,-4.72,8.91,0.38,2.37,6.54,7.19,3.81,3.65,-5.73,2.63,4.72,8.76,8.97,-9.52,6.83,11.32,-5.66,0.14,1.4,7.24,9.63,11.66,11.5,6.84,1.66,3.9,-7.04,8.89,6.32,1.72,9.94,5.19,2.07,1.92,6.03,-1.82,6.37,8.36,7.13,12.21,9.37,-4.86,4.06,6.38,2.55,4.12,-4.62,6.81,1.67,5.77,4.12,7.82,0.26,7.73,9.59,7.9,-2.99,6.02,1.32,6.35,11.79,-9.76,8.36,4.53,7.48,5.27,12.97,2.49,8.12,-4.0,2.21,-9.99,8.49,9.29,8.62,-3.47,5.14,-1.87,2.06,-3.48,1.2,5.81,-4.16,10.05,-1.26,7.65,-2.15,7.69,3.4,8.96,6.92,1.27,0.21,-3.11,1.08,-2.91,-1.5,-3.16,6.77,-7.29,-5.97,4.89,7.12,8.29,8.29,-10.31,-1.07,6.66,-4.83,-4.11,6.1,-8.93,6.79,8.12,3.14,-7.18,8.39,4.83,4.0,2.81,-18.59,-3.22,10.05,-1.26,-16.38,2.12,8.83,-4.85,4.12,5.56,3.39,-14.34,7.68,3.83,0.8,8.48,0.09,9.13,10.87,1.77,8.93,-5.19,2.79,1.11,2.81,-1.13,0.64,7.1,-3.34,1.71,2.2,0.55,1.51,7.63,7.2,6.8,10.74,5.22,2.32,4.78,4.47,9.91,2.29,7.39,-1.31,5.22,6.16,-1.65,8.25,2.39,-1.09,7.41,5.86,6.15,6.89,5.33,9.42,-3.43,9.75,2.53,8.34,10.67,7.39,7.55,9.45,-1.75,-0.13,-2.98,7.8,11.81,5.08,-9.13,4.68,5.88,-0.62,3.72,2.7,3.26,4.99,6.9,9.11,5.37,-4.25,6.74,2.4,-2.95,3.83,10.37,7.53,-0.67,3.3,-7.67,4.99,3.88,6.72,0.42,-2.18,5.79,-1.94,3.58,3.51,2.44,9.15,3.29,4.51,1.11,6.37,-0.21,10.8,0.99,0.35,2.2,6.53,-7.59,0.34,-6.88,6.69,10.4,4.33,5.38,-11.21,8.13,10.81,-0.15,9.75,9.5,-2.53,5.57,-7.55,-9.62,5.51,9.85,-1.11,-7.82,10.83,10.47,4.85,5.71,1.87,-0.58,5.62,6.21,11.14,2.01,4.28,-3.43,2.91,3.73,6.73,11.26,5.88,-0.13,5.43,-2.11,5.66,5.85,8.02,3.32,4.5,4.24,2.31,3.95,4.03,4.23,-6.93,-0.51,0.34,1.63,-1.53,2.39,4.26,1.14,1.24,7.26,3.71,2.86,2.85,2.52,-0.74,5.68,-2.41,6.76,-1.18,1.47,4.36,-29.87,2.16,3.47,6.85,6.48,2.32,6.2,7.96,6.09,5.59,-6.96,6.75,1.5,2.96,1.58,1.44,-2.32,-6.4,3.86,-1.33,11.17,1.56,7.45,1.7,12.2,0.88,11.82,3.01,-6.66,3.54,-2.84,-1.22,4.47,5.11,5.67,11.15,-8.3,6.38,1.38,11.79,4.6,-6.21,10.15,-18.93,3.87,-5.85,4.05,-0.48,0.43,2.74,10.75,7.32,-1.19,3.95,-2.51,2.44,-3.01,9.05,-0.11,5.65,10.19,1.41,6.06,7.2,-0.1,8.62,5.41,1.24,10.5,-1.61,7.23,-2.15,3.77,-0.06,4.35,6.26,9.66,11.18,-2.29,-4.73,-14.08,9.25,1.63,8.59,1.65,1.19,5.27,5.68,0.13,3.53,0.3,-3.16,0.38,6.2,7.57,-2.77,3.03,6.37,6.4,2.73,5.3,4.21,6.91,9.19,5.45,6.18,7.01,6.77,9.51,6.21,0.87,2.86,2.93,-2.33,-0.78,-0.21,4.51,4.86,7.03,6.41,9.57,2.05,4.02,10.15,9.51,4.68,-1.05,3.5,5.31,-1.59,-2.29,12.17,8.07,10.14,9.62,4.75,0.89,6.79,7.86,8.57,-3.3,7.9,-2.07,-0.82,4.35,-4.24,3.82,7.99,12.2,7.3,-7.04,-10.89,10.47,1.46,7.04,-3.54,6.18,7.18,2.54,8.31,-0.02,8.03,5.0,6.46,-3.39,5.18,-6.32,-8.05,-5.78,11.65,-10.69,11.47,-3.29,-4.01,3.61,3.35,0.34,3.25,-1.23,11.06,4.93,-12.12,1.83,10.37,10.06,-0.6,0.3,3.02,6.49,7.97,10.86,4.02,10.22,3.3,-2.83,7.34,-7.29,8.9,10.17,1.7,10.71,-6.8,8.27,-1.04,6.51,10.16,6.56
1790974679.557,9,1746303,451127,0,10000,15000,7,600,56.53,60.91,55.24,52.01,50.9,34.73,50.64,35.23,52.93,40.12,29.21,20.25,13.98,25.6,22.04,2.09,22.04,20.85,19.26,7.84,12.87,14.43,23.19,24.83,16.29,2.85,9.84,29.42,29.88,20.92,17.71,18.0,13.15,-1.32,3.03,13.27,8.24,-2.11,7.72,5.26,10.71,8.97,11.4,7.4,10.31,-1.63,13.37,-3.37,6.33,4.14,9.62,11.94,7.64,7.15,4.25,13.31,0.84,0.39,5.02,5.27,5.13,7.71,-3.54,14.71,2.62,-12.9,11.73,7.33,8.66,-6.68,5.44,-1.27,-0.96,9.81,2.11,-3.54,-6.48,7.12,-1.93,6.91,0.48,-0.29,4.02,9.66,6.67,9.16,-4.3,0.27,5.98,1.36,6.72,-1.87,9.42,0.65,-10.17,2.3,9.71,0.36,-0.17,0.89,3.51,13.38,7.83,0.41,4.04,7.72,1.22,-1.46,0.12,8.85,3.0,6.77,12.02,9.62,-2.32,5.91,3.49,11.08,7.45,8.27,6.95,5.82,2.92,4.78,1.28,4.34,0.63,5.28,5.75,1.29,8.65,5.95,7.27,7.34,8.97,4.37,5.14,11.51,3.51,9.09,6.13,8.78,1.66,1.38,4.07,8.89,4.29,3.44,-10.26,0.9,1.66,2.02,7.27,7.98,9.01,4.16,2.24,-3.22,-3.03,1.59,1.76,11.13,1.87,7.37,9.64,11.3,5.28,-3.43,-9.52,5.87,-0.92,1.41,7.92,9.14,3.79,4.57,5.39,13.11,7.19,-4.14,4.65,0.72,5.67,4.96,10.02,6.79,-5.89,2.83,5.82,4.49,0.58,8.72,7.49,10.35,9.15,-2.32,12.2,6.57,2.11,10.48,1.79,7.26,3.76,6.4,-3.68,0.04,2.62,12.8,9.72,9.24,0.64,2.73,7.75,-8.74,-4.99,1.64,8.16,8.01,7.99,6.37,7.1,6.74,8.51,7.75,5.39,2.07,5.35,-2.28,-1.77,6.66,-9.99,5.12,-2.34,7.85,-2.28,8.88,-1.4,2.25,3.22,5.1,9.19,5.09,1.76,7.99,2.36,5.66,5.86,-7.2,6.13,-3.37,7.22,6.59,8.59,4.04,5.22,3.11,3.98,7.62,7.82,11.68,12.5,4.15,8.66,12.81,5.7,5.58,3.45,9.27,-3.73,1.15,-4.77,5.47,4.92,8.85,6.1,9.72,1.52,6.82,2.17,8.44,-10.71,10.78,5.11,1.55,9.94,9.14,-5.46,-1.61,10.76,-0.79,1.41,8.6,5.56,-5.45,3.61,2.93,7.66,-23.67,8.19,-2.85,9.27,9.2,7.88,1.99,8.35,6.94,13.12,10.26,10.85,9.54,7.0,8.36,-4.21,-3.31,5.62,0.98,8.17,4.58,8.74,1.91,10.39,2.02,5.91,-3.88,-0.74,6.5,4.8,-1.92,-3.85,5.52,5.1,6.99,-1.15,0.63,3.33,-4.1,9.85,8.01,6.5,8.69,7.22,7.04,2.12,-4.75,8.16,5.44,-3.87,0.78,5.08,-1.72,10.26,9.24,7.48,7.59,9.27,6.74,-8.42,11.39,8.66,12.23,7.22,6.06,6.36,2.05,-3.54,9.23,5.6,4.38,7.22,3.99,7.2,3.14,2.69,0.91,4.53,10.28,7.06,10.9,4.5,0.91,-1.68,10.41,3.96,8.37,1.64,5.65,12.3,5.03,-10.1,8.97,5.81,12.38,6.79,1.7,8.59,6.91,-6.28,4.43,4.89,8.24,2.52,2.56,6.83,6.37,-1.95,8.37,6.01,-18.67,7.42,9.39,5.35,11.34,2.07,-1.68,-1.12,9.57,0.4,-0.11,1.8,-3.03,10.46,5.78,2.33,-10.82,6.36,-6.56,3.14,-6.19,6.69,6.83,3.44,9.66,2.55,-3.35,8.24,-7.84,5.7,-9.35,4.2,6.77,-1.14,2.83,4.08,-6.28,4.41,3.57,5.67,8.73,-7.84,7.64,1.13,-4.15,5.55,4.75,4.97,4.16,-1.49,-6.49,4.85,8.69,9.91,9.58,8.27,3.68,-9.8,8.21,7.36,3.37,8.55,10.18,-2.36,-15.69,0.04,5.87,2.13,-6.03,5.56,2.25,1.82,11.46,7.94,12.12,10.78,1.19,4.49,1.04,6.11,6.84,6.01,11.46,6.63,-19.87,6.83,-12.49,8.08,5.23,8.49,9.48,4.64,7.45,4.79,5.17,8.19,-2.45,0.66,8.17,6.15,4.01,-8.21,7.81,0.16,9.69,3.04,4.18,8.13,5.44,4.79,12.03,6.86,11.29,6.79,10.27,-4.62,4.16,-6.85,-5.8,11.04,10.91,1.42,7.95,8.93,-9.72,7.91,-9.9,5.42,4.28,0.18,5.72,4.03,2.46,8.62,14.03,9.32,2.24,4.39,8.41,4.4,2.53,1.94,9.55,-3.88,4.84,5.67,-1.0,4.53,7.21,5.01,0.05,3.39,-11.76,13.81,-3.46,8.73,3.66,5.94,-0.64,1.41,5.46,10.43,8.23,1.19,-1.05,4.72,2.67,-3.88,4.02,12.46,0.83,8.61,8.05,5.39,1.96,8.51,5.25,3.67,9.14,11.66,-0.6,2.45,8.27,8.13,8.96,8.84,10.23,10.55,8.77,-1.47,0.71,6.61,7.98
